TR:ATF3,TR:BRAF,TR:CASP9,TR:COPS5,TR:KIT,TR:XPO1,TR:AKT1i,TR:CASP3i,TR:CCND1i,TR:CDK4i,TR:DIABLOi,TR:ERBB3i,TR:HDAC3i,TR:ITGALi,TR:SIRT1i,TR:SMAD2i,TR:SMAD6i,TR:SOCS2i,TR:SPI1i,TR:SRCi,TR:STAT1i,TR:STAT3i,TR:TP53i,TR:XIAPi,TR:YAP1i,TR:YWHAEi,TR:YWHAZi,DV:CD74,DV:CDKN2A,DV:SMAD1,DV:TRIM24,DV:TSC2,DV:VHL,DV:ZNF296,N,"resp,simple"
1,1,1,1,0,0,0,0,1,0,0,0,1,1,0,0,1,0,0,1,1,1,0,1,0,0,1,0.343339175312321,0.201774001187358,0.366551741099402,0.424424962898732,0.41557267029579,0.238477977625936,0.311339580725618,1,CR
0,1,1,1,1,0,1,0,0,0,1,0,0,0,1,1,0,0,0,0,0,1,0,1,0,0,0,0.149669569613459,0.215696211975869,0.726769079392545,0.40993938158603,0.565580053962572,0.228313853642809,0.313656796211719,2,CR
1,1,0,1,0,1,1,0,0,1,0,0,0,0,0,1,0,0,0,0,1,0,0,1,0,0,0,0.209002052793836,0.280152482219166,0.356394802708257,0.421303374912303,0.542250703741811,0.362074959576436,0.438164558380034,4,CR
0,0,1,1,1,0,0,0,1,1,1,1,0,1,0,0,0,0,0,1,1,0,1,0,1,0,0,0.772141426621045,0.201594105000757,0.330899231442312,0.357430683999631,0.256663629012408,0.258114614671577,0.218375333046767,5,CR
0,0,0,1,0,0,0,0,1,1,1,1,1,1,0,0,1,0,0,1,0,0,1,0,1,0,1,0.253685748974957,0.257185407837687,0.394656203892327,0.422965833179856,0.30426134306536,0.298124396492633,0.256408694053918,6,CR
1,0,0,1,1,1,1,1,0,0,1,0,0,0,1,1,0,0,1,0,1,0,0,1,0,0,0,0.46920972385197,0.298599828452603,0.705050168072993,0.717082967117801,0.422656233239292,0.344033793792206,0.551480072572026,8,CR
1,0,0,1,1,0,0,1,0,0,1,0,0,0,0,1,0,0,0,0,1,1,0,1,1,0,0,0.770761979411077,0.246396042297269,0.542833136258319,0.592486271881214,0.545870245349536,0.374080030361503,1,9,CR
0,0,1,0,0,0,0,1,0,0,1,0,1,1,1,0,0,1,1,1,0,0,1,0,0,0,1,0.489421595359491,0.384694244044424,0.538432022663352,0.554924069948993,0.605206831106184,0.305003609582938,0.328845264851795,11,CR
1,0,0,1,1,0,0,0,1,0,1,1,1,1,1,0,0,1,1,0,0,0,1,0,0,1,0,0.335461205293144,0.191134672977085,0.533726894959379,0.835000238201189,0.249178658108588,0.271360839071044,0.418289814168705,13,CR
0,0,1,1,0,0,0,1,0,0,0,0,1,0,0,1,0,0,0,0,1,0,0,1,1,0,0,0.246529797422807,0.431544398992045,0.312565572714727,0.201566336049422,0.343684282713206,0.368287642490817,0.208353978721055,14,CR
0,0,0,0,0,0,0,0,1,0,1,1,1,1,1,0,1,0,1,0,1,0,0,0,1,1,0,0.629182537415923,0.273155707645804,0.496312297873033,0.573999542953956,0.159264891612861,0.327791431208747,0.329319472604881,16,CR
0,0,0,0,1,0,0,1,0,1,1,1,1,1,1,0,1,0,0,1,0,0,1,0,1,0,1,0.579537055618709,0.326226884932485,0.540712367510545,0.648266697950214,0.274720474484581,0.242743389789968,0.422852877432978,17,CR
0,0,1,1,1,0,0,0,1,0,1,0,0,1,0,0,1,1,0,0,0,0,0,0,1,0,1,0.595844772038815,0.412570300984422,0.419530751362689,0.418551318862829,0.278140823851902,0.26700350902334,0.154306482688954,18,CR
1,0,1,0,1,1,0,0,0,0,1,1,1,1,0,0,1,0,0,1,1,1,0,0,0,0,1,0.377712437759619,0.302177633258881,0.2763240194299,0.466501334840584,0.473757353875264,0.180168990374213,0.296314055236105,19,CR
0,0,0,0,1,1,1,1,0,0,1,0,0,0,1,0,0,1,0,0,0,0,0,1,0,0,0,0.293815474209004,0.218536575137134,0.488248350051544,0.59966159052839,0.474928452715363,0.407496970980476,0.551946411372225,23,CR
1,0,1,0,0,0,0,1,1,0,0,1,0,0,0,1,0,1,0,1,1,1,0,0,1,0,0,0.272233414679095,0.115191947114225,0.469693757884721,0.3608953996921,0.212168842332296,0.117079632987237,0.433125483343853,24,CR
1,0,0,1,1,0,0,0,0,1,1,0,1,0,0,1,1,1,1,0,0,0,0,0,0,0,0,0.371239563778822,0.33803927596535,0.570096268927794,0.686381302742811,0.454325884605526,0.358335937708958,0.459025709102911,27,CR
0,1,1,0,1,1,1,1,0,1,0,0,0,1,1,0,0,0,0,1,1,0,1,1,0,1,1,0.223247823927947,0.372961774178654,0.628147750579382,0.401429161682673,0.57901930813634,0.390615322000068,0.270034221695611,30,CR
1,0,0,0,1,0,0,0,1,0,1,1,1,1,0,0,0,0,0,0,1,0,1,0,1,0,1,0.62670939021998,0.206948350238329,0.346759198227406,0.52255076036856,0.424432672368007,0.157229758379831,0.512382080985272,31,CR
0,0,1,1,1,0,0,0,1,0,1,1,0,1,1,0,1,0,0,0,0,0,1,1,1,1,1,0.496602892453959,0.304038806071047,0.689753839379436,0.193844756276532,0,0.207789329413435,0.21401941775077,32,CR
0,0,0,0,1,0,1,0,0,0,1,1,1,1,0,1,0,0,1,1,1,0,1,0,0,1,1,0.746157783680166,0.218152423109682,0.449020488050226,0.343456584683354,0.48888908363259,0.300238655196391,0.260501559597659,33,CR
0,1,1,0,1,0,1,1,0,0,0,0,0,0,1,1,0,0,1,0,0,0,0,1,0,0,0,0.476587841877019,0.350579112311838,0.402655629862169,0.364763558879938,0.583600523582041,0.33867057160199,0.231094491138335,34,CR
1,1,0,0,0,0,0,1,0,1,0,1,0,0,1,1,0,0,0,0,0,1,0,1,0,1,0,0.379428334054379,0.39528359133796,0.334262373861129,0.377599144007686,0.518551081710251,0.514197059895215,0.322362982161639,35,CR
0,1,1,1,0,1,1,0,1,1,1,1,1,0,1,0,1,0,1,0,1,1,0,1,0,1,0,0.479946097516036,0.350302988029832,0.124669115208845,0.767327745397451,0.644759773453179,0.233629099179533,0.313086042101131,36,CR
0,0,0,0,1,0,0,1,1,0,1,0,0,0,1,1,0,0,1,0,0,0,0,0,0,0,0,0.383946521610279,0.266367901702833,0.147980437694896,0.352253119178429,0.380517744903454,0.139245003753844,0.217466110368862,37,CR
1,0,0,0,0,1,0,0,0,0,1,0,1,1,0,0,0,0,1,1,0,0,1,0,0,0,1,0.348423533333762,0.324468825047391,0.255155201467333,0.152629698654911,0.2804311299507,0.254856549602329,0.228543623560805,38,CR
0,0,0,0,1,1,1,0,0,0,1,0,1,1,0,0,0,1,0,1,0,1,0,1,0,1,1,0.383659117470366,0.403803458924636,0.360454751292524,0.247920489275452,0.72764067044937,0.218716721370164,0.08268412561185,39,CR
0,1,0,0,0,0,0,0,1,1,0,0,0,0,0,1,0,0,1,0,0,1,0,1,0,0,0,0.220589237401822,0.444064342357197,0.13127649628755,0.355814276679572,0.619587825936868,0.398017376849271,0.144867269719822,40,CR
0,1,0,1,1,0,0,0,1,0,0,0,1,1,0,0,0,1,0,1,1,0,0,1,1,0,0,0.554860585677825,0.339541273254486,0.591448370898335,0.2158512344176,0.391357023922967,0.09497267144591,0.307579153874471,42,CR
0,0,0,1,1,1,0,0,1,1,1,1,1,0,0,0,0,0,0,1,0,0,1,0,0,0,0,0.82381128662199,0.301693718432164,0.428813297830568,0.476350044369912,0.283255660085646,0.27140959163009,0.302877604417448,43,CR
1,0,0,0,0,1,1,0,1,1,1,1,0,1,1,0,0,0,1,1,1,0,0,0,0,0,0,0.628705936974806,0.215205819861751,0.270479617335128,0.514855529495334,0.312608511218037,0.253533359118337,0.345378593424387,44,CR
0,0,1,1,1,1,1,1,1,0,0,0,1,1,0,0,0,1,0,1,0,0,1,0,1,0,1,0.383514738605355,0.410381312885604,0.463877826906562,0.153332276269976,0.333966151724662,0.258726821834526,0.339482405696688,46,CR
1,0,0,0,1,1,0,0,0,0,1,1,0,1,0,0,0,0,0,1,1,1,0,0,0,0,0,0.371467000881181,0.391481903283094,0.336845639062161,0.471634781604495,0.405318672835501,0.168683704245312,0.274389047096663,47,CR
0,0,0,0,1,0,1,1,1,0,1,0,0,1,1,0,0,0,0,0,0,0,0,1,1,0,1,0.469310052887568,0.430125885949425,0.554645464606637,0.495404769810253,0.300023902646751,0.119139205772698,0.158591674691609,48,CR
0,0,0,1,1,0,0,1,0,0,1,0,0,0,1,1,1,0,1,0,0,0,0,0,0,0,0,0.242909978564655,0.265203624055321,0.520992123581978,0.583870349276486,0.329741710991394,0.299275171547587,0.539768328938599,49,CR
1,0,0,0,0,1,1,1,1,1,0,0,1,0,0,1,0,1,0,1,0,1,0,0,0,0,1,0.902628476777151,0.136739943532465,0.410802036762197,0.117888932906616,0.358503610818652,0.295947665801505,0.379067515184663,50,CR
0,0,0,0,1,0,1,1,1,0,1,0,0,0,1,1,0,0,1,0,0,0,0,1,0,0,0,0.250633872193722,0.317698313055836,0.275946155504032,0.557102606971111,0.524634663257472,0.426145336468449,0.338362658350459,51,CR
1,1,0,0,0,1,0,1,0,0,0,0,0,1,1,1,0,0,1,0,0,1,1,0,0,1,0,0.465035607855266,0.317327979714802,0.323465219936783,0.440954885602227,0.536703086959969,0.215095075637563,0.246591055926321,52,CR
1,0,0,0,1,1,0,0,0,1,1,1,1,1,0,0,1,1,0,1,0,0,0,0,1,1,1,0.559699987085428,0.381102593866466,0.708149635097246,0.578745996003709,0.102909303386411,0.330438903907125,0.420828358514398,53,CR
1,0,0,0,0,1,1,0,0,0,0,0,1,1,0,0,0,0,0,0,1,0,0,1,0,0,1,0.286299260075864,0.122178308406031,0.305977929251659,0.246771645925837,0.22978149433747,0.218974077996311,0.121866123830244,54,CR
0,1,1,1,1,1,1,1,1,1,1,1,0,0,1,1,1,0,0,0,1,1,1,1,0,1,0,0.336994547942873,0.378633833986402,0.689732449536166,0.732460751528774,0.629299269286358,0.179965441758535,0.419213234206342,55,CR
1,0,0,0,0,0,0,0,0,1,1,1,1,1,1,0,1,0,0,1,0,0,0,0,1,0,0,0.454075598434363,0.308262425590935,0.281356821836943,0.51028591405146,0.180283369591001,0.317539927987868,0.313627124603099,56,CR
0,0,0,0,0,0,1,0,0,1,1,0,1,1,0,1,0,0,1,1,0,0,1,1,0,0,0,0.399324782205722,0.427731730884326,0.247984722812277,0.44544734188492,0.424785959378353,0.155526431931096,0.204750564630739,57,CR
0,0,0,0,1,0,0,0,0,0,0,0,0,1,1,1,0,1,1,1,0,0,1,0,0,1,0,0.426878062317133,0.178473369965164,0.38882564552269,0.240980757233527,0.252482920002779,0.103557427494107,0.079569314988681,58,CR
0,0,0,0,0,0,0,0,0,0,0,0,0,1,1,1,0,0,1,0,1,1,1,0,0,1,0,0.66412928398641,0.450020291528122,0.31917230721147,0.074927496118464,0.620677124663944,0.150914856812094,0.084307319465742,59,CR
1,0,0,0,0,1,1,1,1,1,1,1,0,0,0,0,0,1,0,1,0,1,0,0,0,0,1,0.675689266857446,0.186058559098812,0.422440565078843,0.28630163666976,0.309792434219771,0.211031367931992,0.44606749207613,60,CR
0,0,0,0,0,0,0,0,0,0,1,1,0,1,0,0,1,0,1,0,0,0,0,0,0,0,0,0.713333826289393,0.168958528510208,0.298881310086094,0.549096739693539,0.679476558177173,0.347281105063313,0.343706973850138,61,CR
0,1,1,0,0,0,1,0,1,0,1,1,1,1,1,0,0,0,0,1,0,0,0,0,1,0,0,0.430023568093839,0.317973998556734,0.332657227568392,0.357543371633906,0.392745578494168,0.392858318775014,0.330554967404765,62,CR
0,1,1,0,0,1,1,0,0,0,1,0,0,1,1,1,0,0,1,0,0,1,0,1,0,0,0,0.320549348475084,0.14914276869206,0.247894585271757,0.38911897222734,0.678035486349448,0.229340063908174,0.147659290921104,63,CR
0,0,0,1,0,0,0,1,0,0,0,0,0,1,0,0,0,1,1,1,0,1,0,0,0,1,0,0.435889888995936,0.306895007063791,0.24531444180513,0.089253590076191,0.31162112182751,0.227169703115891,0.095925215171723,64,CR
0,0,1,0,0,0,0,1,1,1,1,1,0,1,0,0,0,0,1,1,0,0,0,0,0,0,0,0.315854256550493,0.427504876665908,0.238626191523086,0.456405907955006,0.232883665394689,0.213680119011329,0.150288747676582,65,CR
1,0,1,0,0,1,0,1,0,0,0,0,1,1,0,1,0,0,1,1,0,0,0,0,1,0,0,0.287188554270846,0.367882911607687,0.395893142103834,0.366014814632757,0.312301908996293,0.341768047604841,0.354888917532659,66,CR
1,0,0,1,1,0,0,1,1,1,1,1,0,1,0,0,1,0,1,0,1,0,1,0,0,1,1,0.495125089494929,0.531515541760068,0.467837489318238,0.529028216473722,0.203101101070025,0.287940104559921,0.222743672219162,68,CR
1,0,1,1,1,1,0,0,1,1,1,1,1,1,0,0,1,0,1,0,0,0,1,0,1,1,0,0.377693087760652,0.294283899868886,0.466389549365601,0.757741114647519,0.172102836115016,0.359987247151287,0.387668113113944,69,CR
0,1,0,1,0,0,0,0,0,0,1,1,0,1,1,0,1,0,0,1,0,0,0,0,1,0,0,0.546742392696335,0.294060705267191,0.523994075470792,0.565460426779156,0.066407731319029,0.100427971686966,0.59135844115759,70,CR
1,0,1,0,0,0,0,1,0,1,1,1,1,0,0,0,1,1,1,0,0,0,0,0,0,1,1,0.210236082099023,0.410589376931648,0.395901594033812,0.545976738555336,0.018318917179082,0.113680779006505,0.578662701033405,71,CR
0,0,1,0,0,1,0,1,0,0,0,0,0,1,1,0,0,1,0,1,0,0,1,0,0,1,1,0.192754949994174,0.220464959614683,0.351736010839662,0.141767572055153,0.479109786375097,0.364455713575223,0.488173142910211,73,CR
0,1,0,1,1,0,0,1,0,1,0,1,0,0,1,1,0,1,0,1,0,1,1,0,1,0,0,0.313918061854174,0.404169062631138,0.781641453230357,0.405247714256322,0.65524765857049,0.231210602355979,0.30273833177221,74,CR
0,0,0,0,1,0,0,0,0,0,1,0,0,1,1,0,0,0,1,1,1,0,0,1,0,0,0,0.698503977097403,0.254087231264803,0.739417235069595,0.471084170598496,0.453573979163306,0.179117146050682,0.282529838595736,75,CR
0,1,1,1,1,0,0,0,0,0,1,0,1,1,1,0,0,0,1,0,0,1,1,0,0,0,1,0.456329061344706,0.2643883696506,0.354310471565796,0.457114788274807,0.419928163984305,0.142405616640845,0.251742954428934,76,CR
0,1,0,1,0,1,1,1,0,0,0,1,1,0,1,0,1,0,0,0,1,1,1,1,0,0,0,0.314900204547224,0.179977445481277,1,0.575943535453962,0.593674436813493,0.279420695047876,0.496323780577702,77,CR
1,0,0,0,0,1,1,0,0,1,0,0,1,0,0,0,0,0,0,1,0,1,0,0,0,0,1,0.267575022220152,0.313404766666888,0.2944130586395,0.039495086876605,0.152893635196613,0.302712059992009,0.23916401167201,78,CR
0,0,0,0,0,1,1,0,0,0,0,0,1,1,1,1,0,0,1,1,1,0,0,0,0,0,1,0.263619134508839,0.14421239270159,0.44844761797075,0.40207014317287,0.373661245805726,0.125579466890258,0.250009512797552,79,CR
1,1,1,1,0,1,1,1,1,0,0,1,1,0,0,1,0,0,1,1,1,1,0,1,0,1,0,0.248160117936988,0.260394269774613,0.570780699829522,0.511312101029907,0.541341106174653,0.275542431043447,0.701482355328493,80,CR
1,1,0,0,1,1,1,0,0,1,0,0,1,1,1,1,0,1,1,0,0,0,1,1,0,1,1,0.386019237224007,0.241299095160876,0.575091276881827,0.536593577050916,0.53530088403825,0.437516705813902,0.217086731227818,82,CR
1,1,1,1,0,0,0,0,0,1,0,1,0,1,0,0,0,1,0,0,0,0,1,0,0,1,0,0.399995777948508,0.243684064240897,0.273137484959247,0.208523198722235,0.274239508188099,0.33513849522427,0.193063326486894,83,CR
1,1,0,0,0,1,1,1,0,0,0,0,0,1,1,1,0,0,1,1,0,1,0,0,0,0,0,0.504229261189238,0.242781695790449,0.383423950357546,0.242537819639093,0.798677916714209,0.41244069678079,0.423117309476448,84,CR
1,1,0,1,1,1,1,0,1,1,1,1,0,0,1,1,0,0,1,1,0,0,0,1,0,1,0,0.216077002091049,0.129299331792619,0.539500534362776,0.262361785054376,0.425569735988687,0.216478540614614,0.032417676031234,85,CR
0,0,0,0,1,0,1,1,0,0,1,0,0,0,1,1,0,0,1,1,1,0,1,0,0,0,0,0.427667094542823,0.282662610013645,0.537531010308339,0.197938539917248,0.511732074648451,0.251845362011401,0.188876310174942,86,CR
1,1,0,1,0,0,0,0,0,0,0,0,0,0,0,0,0,0,0,0,1,1,0,1,0,0,0,0.967813912625943,0.276647282768902,0.570888751673667,0.453827103975367,0.392937242826317,0.369981990320642,0.887623633793963,87,CR
0,1,0,0,0,0,0,1,0,0,0,0,0,0,1,1,0,0,1,1,0,1,0,1,0,0,0,0.117828137945195,0.397058445799638,0.532045116163697,0.347776431538608,0.578220772422861,0.291533685899586,0.324445138707553,88,CR
1,1,0,1,0,1,0,0,1,1,1,1,0,0,1,1,1,0,0,0,0,1,0,1,0,1,0,0.573423072623451,0.359151901819887,0.51961750398543,0.569829728918471,0.719427013103584,0.465888577606004,0.50303981655376,91,CR
0,0,1,0,0,0,0,1,0,0,0,0,1,1,0,0,0,0,1,1,0,0,0,0,0,0,0,0.369652327503618,0.168115645966823,0.438192884234898,0.20337766573052,0.423037888041427,0.150676061645712,0.237048510123149,92,CR
0,1,1,0,1,0,1,1,0,0,0,0,0,1,0,1,0,0,0,1,1,1,0,1,0,0,0,0.264133946734388,0.013734366209071,0.431515322924747,0.328664838349554,0.685268470701913,0.355706530389679,0.277223285309701,93,CR
1,1,1,1,0,0,0,0,1,0,1,1,1,0,1,0,1,0,0,0,0,0,0,1,1,1,0,0.155637857065814,0.380214615292253,0.617955752865183,0.491386000680928,0.670175890066647,0.400304169225142,0.547603518698585,94,CR
0,1,0,1,1,1,1,1,0,1,0,1,0,0,0,0,1,1,0,0,1,0,0,1,1,1,0,0.348296004581203,0.315826537938662,0.655330733164253,0.489391348396129,0.324953121426252,0.396987580542075,0.344059464284397,95,CR
1,0,0,0,1,0,1,1,0,0,0,1,0,0,1,1,0,0,0,0,0,0,0,1,0,0,0,0.368414855096913,0.361659556976494,0.444658423022084,0.482859228167524,0.567718501146209,0.634448531342241,0.606865518592581,96,CR
0,1,0,1,1,0,1,0,0,1,1,0,0,1,1,1,0,0,1,1,0,0,0,1,0,0,0,0.307560567907769,0.169933205275895,0.199872371633301,0.592252620012319,0.672052087620117,0.383427926911423,0.430338385240213,97,CR
0,1,1,0,1,0,0,1,0,0,0,0,0,0,1,0,0,1,1,0,0,1,0,1,0,0,0,0.163389582140746,0.28528138561961,0.555431979753741,0.378918656874165,0.64800635604705,0.152398026478553,0.275050387884753,99,CR
0,1,0,0,1,0,1,1,0,0,0,0,0,1,1,1,0,0,1,0,1,0,0,1,0,1,0,0.389990183411957,0.296998834979097,0.241098052162795,0.283060834411597,0.567841696982775,0.356886429501452,0.166712433593327,100,CR
0,0,0,0,0,1,0,1,0,1,1,0,0,0,0,1,0,0,0,0,1,1,1,1,0,0,0,0.100876044348693,1,0.458421157451303,0.499136535036091,0.259824190630248,0.090984789366646,0.340426345447497,102,CR
0,1,1,1,0,0,0,0,1,0,0,1,0,0,1,0,1,0,0,0,0,1,1,0,1,1,0,0.23651272729606,0.124363570991086,0.486713212532,0.269792858754474,0.32762329825728,0.804335276913043,0.210599685324822,103,CR
1,0,0,0,1,1,1,0,0,0,1,1,1,1,0,0,1,0,1,0,1,0,0,1,1,0,1,0.529012536157749,0.238058624790082,0.377339570708537,0.403350373093882,0.125391605082551,0.282840382652295,0.229438732669233,104,CR
1,1,0,0,0,0,0,0,0,1,0,0,0,0,1,0,0,0,1,0,0,1,1,0,1,0,0,0.150970584039836,0.159310655125317,0.249909210456755,0.506817931409456,0.780003230483707,0.360694896377567,0.291628157716852,105,CR
1,1,1,1,0,0,0,0,0,1,0,1,1,0,0,0,1,1,0,0,0,0,1,1,1,1,0,0.42109626921064,0.385464911943809,0.358587206597806,0.432602065884262,0.354294103559486,0.526832678897395,0.356629786428713,106,CR
0,0,1,1,1,0,0,0,1,1,0,1,1,0,1,0,1,1,0,0,0,1,1,0,1,1,0,0.235576042385482,0.425584894848686,0.367664250920774,0.296171029732707,0.400335150144848,0.252739379877743,0.296417286566828,109,CR
0,1,1,1,0,1,1,0,0,0,0,0,1,1,0,1,0,0,1,0,0,1,0,1,0,0,0,0.268232489400871,0.046811146515273,0.196698623803528,0.391389669300735,0.63084616310466,0.253200367449837,0.209923302587303,110,CR
1,1,0,0,0,1,1,0,0,0,0,0,0,1,1,1,0,0,1,0,0,0,0,0,0,1,0,0.262061876835615,0.146840498274282,0.303845404681385,0.505324843390064,0.590702666268469,0.42184771754619,0.384770160075287,114,CR
0,1,0,1,1,0,1,1,0,1,0,0,1,0,0,0,0,0,1,0,0,1,1,0,0,1,0,0.679177039816766,0.435216480368526,0.509223329283806,0.438386705111246,0.394377961437529,0.290296607327938,0.205510167485724,119,CR
0,0,1,1,0,1,0,0,0,0,0,0,0,1,1,0,1,0,0,0,1,0,0,1,1,0,0,0.240172943926691,0.546926889687803,0.018548107671893,0.647820168508549,0.540742449461489,0.419708556881274,0.386107745750149,120,CR
1,1,0,0,0,1,0,0,1,0,1,1,0,1,1,0,1,1,0,0,0,0,0,0,0,0,0,0.351320362053859,0.046590581033563,0.524357279383338,0.773269868660061,0.371371183999221,0.281547549511376,0.495101872928883,122,CR
1,1,1,1,0,0,0,0,1,0,0,1,1,0,1,0,1,0,0,0,0,1,1,0,1,1,0,0.459325787343314,0.158440286108203,0.629165895325001,0.279498342256276,0.168435069679875,0.897492464251297,0.153521582773722,123,CR
1,1,0,1,1,1,1,0,1,1,0,0,0,1,1,1,0,0,1,0,0,0,1,1,0,1,0,0.591475961041453,0.228042371582804,0.477862484093752,0.711727602100896,0.570719970283567,0.421043755124815,0.481185326109058,126,CR
1,1,0,0,1,1,1,1,0,0,0,0,0,1,1,1,0,0,1,0,1,1,0,1,0,0,0,0.164408283208528,0.286044177463651,0.47316751786151,0.39916810909335,0.565442927041356,0.225661236569496,0.362631560925808,127,CR
0,1,0,0,0,1,1,0,0,0,0,0,0,1,0,1,0,0,1,0,1,0,0,0,0,0,0,0.252564994639112,0.59593965636048,0.134354107174104,0.376687206310285,0.678234765902184,0.513362484128477,0.206190294752057,128,CR
1,1,0,1,1,1,1,1,1,0,0,0,0,0,1,1,0,0,0,0,1,1,0,1,1,0,0,0.347154219413462,0.204687618000514,0.589250889549582,0.562824845167247,0.51296873695692,0.417873845973365,0.308755662000696,132,CR
0,1,1,1,0,1,1,0,1,0,0,0,1,1,0,0,0,0,0,0,0,1,1,1,0,1,0,0.385361194552394,0.249734469794306,0.358754952870567,0.700738368482995,0.715755704269747,0.604740578251216,0.299761873751876,134,CR
0,1,1,0,0,1,1,0,0,1,0,0,1,1,1,1,1,0,1,0,0,0,0,0,0,1,0,0.51653826742323,0.230100959478528,0.109905327404571,0.337897896889514,0.703546280705663,0.155521435816341,0.053478183018007,135,CR
0,1,1,0,1,0,0,1,0,0,0,0,0,1,0,1,0,0,0,1,1,0,1,1,0,1,0,0.211249330689535,0.41805221001835,0.632767359797084,0.596678548803003,0.652203326644115,0.493586882166582,0.408590815572063,136,CR
0,1,0,0,1,0,1,1,0,0,0,0,1,0,0,1,0,0,0,0,1,0,0,1,0,0,0,0.143510971940703,0.464167463702484,0.582835436425543,0.409499284158737,0.363764788210521,0.274974844933773,0.373453636494466,137,CR
1,1,1,1,0,1,1,0,0,0,0,0,0,1,1,1,0,0,1,1,0,1,0,1,0,1,0,0.245602579651478,0.150702309632911,0.402749573721259,0.543153843775365,0.643051752567286,0.389628076299935,0.385771706429755,138,CR
1,0,0,0,1,0,1,0,0,0,0,0,0,1,0,0,0,1,1,0,1,0,0,1,0,0,1,0.574744270573541,0.310528473162812,0.21208870414287,0.177929983967361,0.405939138137203,0.241641471012745,0.192110006785082,139,CR
1,1,1,1,0,1,1,0,0,0,0,0,0,1,1,0,1,0,1,0,1,0,0,1,0,0,0,0.364563411327486,0.284871266235708,0.457091462253086,0.584592543020304,0.81393800916473,0.534478010619019,0.418146933533012,140,CR
0,1,1,0,1,0,1,1,0,0,1,0,0,0,0,0,0,0,1,0,0,0,0,1,0,0,0,0.388124436346098,0.376593287514501,0.471301416295672,0.474600687426598,0.456966240042739,0.517553495588736,0.349194440719423,141,CR
1,1,0,1,0,0,0,0,0,1,0,1,0,1,0,0,1,1,0,1,0,0,0,0,0,0,0,0.530955509272111,0.182620161232856,0.117428131125495,0.456759695424035,0.470620845787146,0.196029155565465,0.314602357225704,142,CR
0,1,0,1,1,1,0,0,0,0,1,0,0,0,1,1,0,1,1,0,0,1,0,1,0,0,0,0.579258935657473,0.45285274543065,0.039837047936373,0.688840454812241,0.656794314769423,0.533982169383974,0.403298942439832,143,CR
0,1,1,1,0,0,0,0,1,0,0,1,1,0,0,0,1,1,0,0,0,1,0,1,1,1,0,0.319579704996602,0.228062754215033,0.085985013761288,0.36476571709878,0.517176576146005,0.330309647190655,0.327517757841059,146,CR
1,1,0,1,1,1,0,1,1,0,1,1,0,0,1,1,1,1,1,1,0,1,0,1,0,1,0,0.569745410913978,0.071864804654289,0.564977271740572,0.447093438787394,0.577698863645464,0.215696823824629,0.314240225152911,149,CR
1,1,1,1,0,0,0,0,1,1,0,1,0,0,0,0,1,0,0,0,1,1,0,0,1,1,0,0.293062434465081,0.199051299825358,0.291824946422194,0.396836051384768,0.335518214107947,0.405830386512825,0.272709620553516,151,CR
0,1,0,1,0,1,0,1,0,0,1,0,0,1,1,1,0,1,0,0,0,1,0,1,0,0,1,0.339189730299176,0.180713755858555,0.425711977716481,0.540335948942566,0.561978577470731,0.058674298001554,0.362287637317222,152,CR
1,1,1,1,0,0,0,0,1,0,0,1,0,1,1,0,1,0,0,0,0,1,1,0,1,0,0,0.240972199381558,0.095281007165306,0.495704616923857,0.29387607907491,0.23604196699655,0.777140635457697,0.12808928356029,155,CR
0,1,0,1,1,1,0,1,0,1,0,0,0,0,0,1,0,0,1,0,0,1,0,1,0,1,0,0.07141718406043,0.373791726333822,0.520599335568276,0.436133086153882,0.772342055110431,0.288952490649946,0.275854280230311,157,CR
0,1,1,0,1,0,0,1,1,1,0,0,0,0,0,1,0,0,0,0,1,1,1,0,0,0,0,0.157379994032523,0.728127756154932,0.134147362882799,0.286762169657582,0.467209366266126,0.324837696981544,0.269486960928456,159,CR
0,1,0,0,0,0,1,1,0,0,0,0,0,1,1,1,0,0,1,0,1,1,0,0,0,1,0,0.340933876670695,0.417943464760121,0.484882449011792,0.408060470207915,0.823115024160539,0.510192397557832,0.278811855443326,164,CR
1,1,1,1,0,1,0,0,1,0,0,1,0,1,0,0,0,0,0,0,0,1,0,1,0,1,0,0.304088756133014,0.269897253411442,0.190083591195933,0.477625026494162,0.67181754769887,0.436276380117399,0.268068167239607,166,CR
1,1,1,1,0,1,1,1,0,0,0,0,0,0,1,1,0,0,1,0,1,1,0,1,0,1,0,0.572039565775921,0.034810110028091,0.427219780165656,0.371270562878359,0.69073546274348,0.282022188902711,0.19861655947438,167,CR
1,0,1,1,0,0,0,1,1,0,0,1,1,0,1,0,1,1,1,0,0,0,0,0,0,1,1,0.243558824221127,0.22126686025432,0.46957875933518,0.782280260224233,0.400441872313726,0.223805619536426,0.499867868476299,168,CR
1,1,0,0,1,0,0,1,1,1,0,1,0,0,0,1,1,0,0,0,0,0,0,0,0,0,0,0.270625131131134,0.458954737123301,0.318452861997347,0.494084413767069,0.244237903658317,0.370567537491747,0.360462912138497,169,CR
0,1,1,1,1,1,1,1,1,0,1,1,1,1,1,1,1,0,1,0,0,1,0,1,0,0,1,0.522162520396894,0.053538005648938,0.580190089012458,0.913713228535171,0.865275021330755,0.402542980614326,0.394802003141048,170,CR
0,1,0,0,0,0,1,0,0,1,0,0,0,0,1,1,0,0,1,0,1,1,0,0,0,1,0,0.657293762685555,0.404141202408567,0.320945076984059,0.317155517204845,0.314217539993066,0.405047536432226,0.308656693418371,171,CR
1,1,0,0,1,1,1,1,0,1,0,1,0,0,1,0,1,0,1,0,0,1,0,0,0,0,0,0.06406966351514,0.343318401871167,0.524518278814958,0.609083827151162,0.463430062359972,0.484641579872358,0.366413648767716,172,CR
1,0,0,0,1,0,0,0,0,0,0,0,0,1,0,0,0,0,1,0,0,0,0,0,0,1,0,0.345076588553345,0.223895994327309,0.35730594575642,0.424864859132252,0.661443565223699,0.36725877841248,0.400706302332362,173,CR
0,1,1,0,1,1,1,1,0,0,0,0,0,1,1,1,1,0,0,0,0,0,1,0,1,1,0,0.718555515200868,0.347541709594627,0.682325291805513,0.309931797564786,0.509071195899223,0.704252489016555,0.191762724734603,174,CR
0,1,0,0,1,0,1,1,0,1,0,0,0,0,1,1,0,0,1,0,0,1,0,0,0,1,0,0.286728445662619,0.481866361006496,0.380036464654621,0.487273603558172,0.646546812337398,0.303529564537367,0.207602567310195,176,CR
0,0,0,0,0,0,1,0,0,0,0,1,1,1,0,0,0,0,1,0,0,1,0,1,0,0,0,0.067815942063576,0.170843638610712,0.352394980872899,0.363042154748724,0.439575990955158,0.348956360692749,0.16971224772149,177,CR
0,1,0,1,1,0,0,0,0,1,1,0,0,0,1,0,0,0,0,0,0,1,0,0,0,1,0,0.254528594504957,0.465622628999623,0.56311561180863,0.558055142847145,0.614042267513386,0.399417164895093,0.470524875230621,178,CR
1,0,1,0,0,0,0,0,1,0,0,1,0,0,0,0,1,0,0,1,0,1,0,0,1,0,0,0.198801920102622,0.125474982475477,0.441104811427513,0.320726948045653,0.084577823748102,0.699037159692999,0.326966362214394,180,CR
1,1,1,1,1,0,1,1,0,0,1,0,0,0,1,0,0,0,1,0,0,1,1,1,0,0,0,0.194701166373844,0.297629193542781,0.662580445326743,0.535839508901696,0.835724820468066,0.436155725671177,0.396611494401647,181,CR
1,1,1,1,1,1,1,1,0,1,1,0,1,0,0,1,0,0,1,0,0,1,0,1,0,0,0,0.333411579148758,0.351127630096438,0.81716195393561,0.665756109543827,0.814348878028996,0.488296721964068,0.407396018740272,182,CR
0,1,0,1,0,1,1,1,0,1,0,0,0,0,0,1,0,1,0,1,0,1,1,0,0,1,0,0.637640459744173,0.641715475385762,0.379560211165835,0.340028047369023,0.649317947968254,0.405878956914608,0.274168719672753,183,CR
0,1,0,0,1,1,1,1,0,0,0,0,0,0,1,1,0,0,1,0,0,0,0,1,0,1,0,0.43087991789956,0.164882163207258,0.472541955536559,0.531460504168989,0.543767104839668,0.263863521878654,0.324066967226088,184,CR
0,1,0,0,0,0,1,0,0,1,0,0,0,1,1,1,0,0,1,0,0,1,0,1,0,0,0,0.223597364101627,0.204769220479598,0.49028845174231,0.39704798861305,0.570979134741394,0.212544008940598,0.308854822080887,185,CR
1,1,0,0,1,1,0,0,0,1,0,1,0,1,1,0,1,1,0,0,0,0,0,0,0,1,1,0.529954921871979,0.380551914226687,0.441603247841263,0.614628421027208,0.619245119883599,0.739650596133086,0.395299214572602,186,CR
1,1,1,1,0,1,0,0,1,1,1,1,0,0,1,1,1,1,0,0,0,1,0,1,0,0,0,0.501864257244954,0.312048786919032,0.692666363696487,0.983954350964151,0.597673349639058,0.531250607091358,0.745013730030632,187,CR
1,1,0,0,1,1,0,0,0,0,1,0,0,0,1,1,0,0,0,1,0,0,1,0,0,1,0,0.34482829243357,0.192680099192753,0.396019914003559,0.62785941227836,0.518645811825501,0.306783305703479,0.2842885010438,188,CR
0,0,0,0,0,0,1,0,0,0,1,1,0,1,1,0,0,0,1,0,1,0,0,0,0,0,0,0.81428309425447,0.251304351086731,0.634631424340727,0.571928797256885,0.446346765428799,0.293149082814471,0.182743920215629,190,CR
0,0,1,0,0,0,0,0,1,0,1,0,0,1,0,0,0,0,1,1,1,0,1,0,0,1,0,0.600443138791024,0.239775753777778,0.669977114490714,0.341950212711847,0.417490850497577,0.351888180512216,0.215333214651566,3,RESISTANT
0,0,0,1,0,1,0,1,1,0,1,1,1,1,0,0,1,1,1,0,0,0,1,0,1,1,1,0.527643954946168,0.433752158285882,0.467043414830756,0.670011333510997,0.126668676964877,0.29929954985713,0.463096815095819,7,RESISTANT
0,0,0,0,1,1,0,0,0,0,0,0,0,1,1,1,0,0,0,1,0,0,0,0,1,0,0,0.327408149897988,0.460404939246982,0.456013301304314,0.316631415330524,0.456222651065897,0.299036948409714,0.348393929990529,10,RESISTANT
1,0,1,0,1,1,0,0,0,0,1,0,0,0,1,0,0,0,0,1,0,0,0,1,1,0,1,0.523850209628908,0.403557770732693,0.72852043548777,0.587315745061927,0.449545002849788,0.319120739675213,0.498310529713623,12,RESISTANT
0,0,0,0,1,0,0,0,0,1,1,1,1,1,1,0,1,0,0,1,1,0,1,0,1,1,0,0.330078707995502,0.625209386660678,0.539731785304943,0.63149062442225,0.473019447179683,0.270500874208853,0.315456671510818,15,RESISTANT
1,0,0,1,1,0,0,0,1,1,1,1,1,1,0,0,1,1,0,1,0,1,0,0,1,0,0,0.42054952185519,0.301181222484549,0.397099245773652,0.512001806446853,0.11587801143927,0.307888654934594,0.344532937762384,20,RESISTANT
0,0,0,0,0,1,0,0,0,0,1,0,1,1,0,1,0,1,1,1,0,1,0,0,0,0,1,0.340725947196308,0.119554940630915,0.33396150518939,0.43416213833136,0.568847925893406,0.23414875804497,0.294551656224648,21,RESISTANT
1,0,0,0,0,1,0,0,0,0,1,1,0,1,1,0,0,0,1,0,1,0,1,0,0,0,0,0.466015976039706,0.524307712262462,0.054313606161923,0.512393932866008,0.323978212538396,0.291572016674519,0.318227496425025,22,RESISTANT
0,0,0,0,1,0,1,0,0,0,1,0,1,1,0,1,0,1,1,1,0,1,1,0,0,1,1,0.293721529026626,0.396662828771341,0.275533636883383,0.374706397869813,0.168877479268389,0.308369294916006,0.282366999976987,25,RESISTANT
0,0,1,1,1,1,0,0,0,0,1,0,0,0,0,0,1,0,0,1,0,0,1,0,1,0,0,0.354684108995516,0.095237056273003,0.580243372202931,0.203601384559535,0.260341444467689,0.328783031131416,0.241709519282704,26,RESISTANT
0,0,0,0,1,1,1,0,0,0,1,0,1,1,1,1,0,0,1,1,1,0,0,1,0,0,1,0.393400224964893,0.54578635897063,0.400071712009121,0.491369634308882,0.487639147924977,0.43843041844915,0.334427345425443,28,RESISTANT
0,0,0,0,1,0,0,1,0,0,1,0,1,1,0,0,0,1,0,0,0,0,1,0,0,0,1,0.069320758034667,0.330016920224212,0.538228783112664,0.410493406308566,0.367829261385782,0.192926348608561,0.319155492454159,29,RESISTANT
0,0,0,0,1,1,0,0,0,1,1,0,1,1,0,0,0,1,1,1,0,0,0,0,1,0,1,0.326876251552604,0.233008746802442,0.354251442384425,0.215153161194819,0.093136181492451,0.193256136424691,0.162992006244209,41,RESISTANT
0,0,0,1,0,0,1,0,1,0,0,1,1,0,0,0,1,0,0,1,0,1,0,1,1,0,0,0.480026172912728,0.284636769397607,0.515193412222323,0.474753459099305,0.076264072001237,0.086881165766971,0.406924856510684,45,RESISTANT
1,0,0,0,1,0,0,0,1,1,1,1,0,1,0,1,0,0,0,1,0,0,0,0,0,0,0,0.32747777670612,0.256525175029114,0.299774251766807,0.38530615255518,0.202044162386961,0.200656539278018,0.34814130750739,67,RESISTANT
1,0,0,0,1,0,1,0,0,1,1,0,1,1,1,0,0,0,0,0,1,0,0,0,0,0,1,0.208400349498514,0.33578274781158,0.249043844696859,0.197876667219575,0.246583145691937,0.370016021941791,0.153798079398123,72,RESISTANT
0,0,1,0,0,1,1,1,0,0,0,0,0,0,0,1,0,0,0,1,1,0,0,1,0,0,1,0.307698420641467,0.248601550702203,0.537815984809163,0.362545023757395,0.507105138331119,0.348658528294356,0.349664898666575,81,RESISTANT
0,0,0,0,1,0,1,1,0,0,0,0,0,1,0,0,0,0,1,0,1,0,1,1,0,0,0,0.678823272267356,0.136860099234459,0.494939024008851,0.133996520284351,0.284127722848682,0.187521166759707,0.149087405322955,89,RESISTANT
0,1,0,0,0,0,1,0,0,1,0,0,0,1,1,1,0,0,1,0,1,0,0,1,0,0,0,0.23484583465968,0.336680650677121,0.956873413150624,0.706262233285116,0.480509703501358,0.283589339251468,0.366837570557518,90,RESISTANT
0,1,1,1,1,0,1,1,1,0,0,0,0,0,1,1,0,0,0,1,0,1,0,1,0,1,0,0.136275306354027,0.144108768204091,0.542666718373873,0.302728133357451,0.390407512073642,0.29373971981543,0.261420877134405,98,RESISTANT
0,1,0,1,1,1,0,1,0,0,1,0,1,0,0,1,0,0,0,0,1,1,1,0,0,0,0,0.397563372464622,0.2381854692687,0.876565627376762,0.687487654292686,0.709934490881915,0.366304847546339,0.327141777794944,101,RESISTANT
0,0,0,0,1,0,0,1,1,0,0,0,0,0,0,0,0,0,0,1,1,1,0,0,0,1,1,0.152993177226077,0.606283608725095,0.364281894831058,0.376898618463392,0.45734750844536,0.305652475393435,0.271683237830618,107,RESISTANT
1,1,0,1,0,1,0,1,0,1,0,0,0,0,0,0,0,0,0,0,1,1,0,0,0,1,1,0.330042909112197,0.556511302100704,0.350295371698236,0.399582747737208,0.470866210567365,0.510578119480397,0.200534183463555,108,RESISTANT
0,1,1,0,1,0,0,1,0,1,0,0,0,0,0,1,0,0,0,0,0,1,0,0,0,1,0,0.278344617896792,0.688172274658617,0.395612289515826,0.281934997066737,0.466347686341793,0.395238374605201,0.207857116803843,111,RESISTANT
1,1,1,1,1,0,1,1,0,1,1,1,1,0,1,1,0,0,1,0,1,1,0,1,0,1,0,0.418171951059389,0.257700166917885,0.6260822732716,0.563294414929305,0.712807591428975,0.298806723347716,0.325372402422603,112,RESISTANT
0,1,0,1,1,1,1,0,0,0,1,0,0,0,1,1,0,0,1,0,0,1,0,1,0,0,0,0.143133354589617,0.778969104039241,0.484906954291526,0.499022385392859,0.395241339500916,0.300686607270072,0.368316763384259,113,RESISTANT
1,0,0,0,0,0,1,0,0,0,0,0,0,1,0,1,0,0,0,0,0,1,0,0,0,0,0,0.055641488335247,0.452436525898528,0.431302900824176,0.55451494751192,0.515969051853555,0.414849356622565,0.323286350108536,115,RESISTANT
1,0,0,0,0,0,0,0,1,0,0,0,1,0,0,0,0,0,1,0,0,1,0,1,0,1,1,0.159600621183753,0.165495420822597,0.394507898172561,0.314571407629672,0.676830114180284,0.309121087508368,0.309114523146345,116,RESISTANT
1,1,0,1,0,1,0,1,1,1,0,1,0,0,1,1,1,0,0,1,0,1,0,1,0,1,0,0.206957469713407,0.237157766649338,0.627413204987348,0.819347709355975,0.686826340242538,0.349985325936548,0.623393296005687,117,RESISTANT
0,1,0,1,0,1,1,0,1,0,0,1,1,0,1,1,0,0,0,0,0,0,0,1,0,1,0,0.515555701972823,0.300048730851991,0.526158052558005,0.579395208521191,0.574995220518105,0.381573532737809,0.608374098624355,118,RESISTANT
0,1,0,1,0,1,1,0,0,0,1,0,0,1,1,0,0,0,1,0,0,1,0,1,0,1,0,0.842837841136338,0.363475402618423,0.458991798465229,0.253374585218633,0.562437587743968,0.276231914639808,0.34684918351626,121,RESISTANT
0,0,0,0,0,1,1,0,0,0,0,0,0,1,1,1,0,0,0,1,1,1,0,0,0,0,0,0.220951817178618,0.322501887987677,0.527947120322608,0.543970008947767,0.555049997245719,0.158007997888871,0.350461367667659,124,RESISTANT
1,0,1,0,1,0,0,0,1,0,1,1,1,0,0,0,1,0,0,0,0,0,0,1,1,0,0,0.581789873829636,0.486546993117304,0.538484294525949,0.523396336786091,0.425258023782012,0.465410741319275,0.281620209561479,125,RESISTANT
1,1,1,1,0,1,1,0,0,1,0,1,1,0,0,1,1,1,0,0,0,1,0,0,1,1,0,0.541919986542572,0.353885080344756,0.610234205007488,0.56008498011936,0.850526943530483,0.450217497591734,0.363886205394521,129,RESISTANT
1,0,0,1,1,1,1,1,0,0,1,0,0,0,1,1,0,0,0,1,0,1,0,0,1,0,1,0.348218922336625,0.268082462263293,0.919291130729105,0.457941199029666,0.656612003203885,0.244294224742403,0.398003854586628,130,RESISTANT
1,1,0,1,0,1,0,0,0,0,0,0,0,0,0,1,1,1,0,1,0,0,0,1,1,1,1,0.397867679094875,0.335031838899379,0.723850034223437,0.627086415057759,0.595151587792,0.561125591491634,0.343278313631768,131,RESISTANT
1,1,1,1,0,1,1,1,1,0,0,1,1,0,1,0,1,0,0,0,0,1,1,1,0,0,0,0.442552264798593,0.259003065688667,0.812337847807655,0.832283817324074,0.934109070434392,0.405135298284924,0.746476909146612,133,RESISTANT
1,0,0,1,1,1,0,0,1,0,1,0,0,0,0,1,1,0,0,0,0,1,1,1,0,1,0,0.111153497215091,0.213486519614589,0.591073343296651,0.660403758380956,0.592758619301325,0.378666574918108,0.510928148963615,144,RESISTANT
0,0,1,0,0,0,1,1,0,0,0,0,0,1,1,1,0,0,0,0,1,0,0,1,0,1,0,0.264457879720277,0.633682914677213,0.374031330598254,0.177203043228726,0.6021802569801,0.37225969615309,0.268524629691969,145,RESISTANT
0,1,0,1,0,1,1,0,0,1,0,0,0,1,1,1,0,0,1,0,0,1,0,1,0,0,0,0.303648805790962,0.465663438132102,0.008233966332637,0.51627415250772,0.749960753723955,0.399113002405693,0.319166702066128,147,RESISTANT
0,0,0,1,1,1,1,1,0,0,0,0,1,0,0,1,0,0,0,1,1,1,0,1,0,1,0,0.146975533784264,0.20995073552395,0.653923988563789,0.524498354674846,0.297377309950133,0.292254114653356,0.349223997766752,148,RESISTANT
0,1,1,1,0,1,0,0,1,1,0,1,0,0,0,0,0,0,1,0,0,1,1,0,0,1,1,0.318694742253607,0.282843922884346,0.449159643907829,0.278749579467984,0.482359116622852,0.211535302573633,0.141893271341568,150,RESISTANT
0,1,0,1,0,0,0,1,1,0,0,0,0,0,1,0,0,0,0,1,1,1,0,1,0,0,0,0.532945862655528,0.301870391534747,0.478694992922564,0.544636642363568,0.590207859615229,0.393763869006416,0.410475769955842,153,RESISTANT
1,0,1,1,0,1,0,0,1,1,0,0,0,0,0,1,0,0,0,1,1,1,0,0,0,0,0,0.24256488349542,0.329267284502885,0.419127368363108,0.422370344829826,0.343762159989358,0.290740413124683,0.577588552946148,154,RESISTANT
0,1,0,1,0,1,1,0,0,0,0,0,0,1,1,1,0,0,1,0,0,1,0,1,0,0,0,0.265702504679611,0.465199980410371,0.373230369506404,0.483975880909998,0.641506893155078,0.243278539114755,0.227240367576769,156,RESISTANT
1,0,0,1,1,0,0,0,1,1,1,1,0,0,1,0,1,1,0,0,0,1,1,0,0,0,1,0.336673296219351,0.695137358735306,0.623533213014366,0.730867840837465,0.615635337508677,0.616334969051948,0.546152781207173,158,RESISTANT
0,1,1,0,1,0,1,1,0,1,0,0,0,1,0,0,0,0,1,1,0,1,1,0,0,0,0,0.265791496774439,0.446737019487679,0.542900681218984,0.494143140699564,0.41331885860184,0.465835614751095,0.336268853665971,160,RESISTANT
1,1,0,1,0,1,1,0,0,0,0,0,0,1,1,1,0,0,1,0,0,0,0,0,0,0,0,0.527275112656058,0.333891824318199,0.387497474655409,0.48343949835457,0.722277599604334,0.374994663570015,0.417591541865704,161,RESISTANT
0,0,0,0,1,1,0,1,0,0,0,0,0,0,0,1,0,1,0,0,0,0,1,0,0,0,0,0.222415921505764,0.443144307095645,0.462857373668015,0.528604256506856,0.599438091690669,0.464737898478383,0.309804243501347,162,RESISTANT
1,1,1,1,1,1,0,0,0,0,1,0,1,0,1,1,0,0,1,0,0,1,0,1,0,0,0,0.085823685379796,0.227727032980854,0.544420960627391,0.781888087631969,0.730488873136512,0.338500819676984,0.27646037494361,163,RESISTANT
0,1,0,0,1,0,1,1,0,0,0,0,0,0,0,1,0,0,1,0,0,0,0,1,1,0,0,0.134371387079114,0.307408929476966,0.46364243206667,0.578389535507658,0.466228596843537,0.457779420605546,0.188759403246482,165,RESISTANT
1,0,0,0,1,0,0,0,0,0,0,0,0,0,0,1,0,0,0,0,0,0,1,1,1,0,0,0.195734190512075,0.468906453168441,0.571865548271575,0.42461043933005,0.253089696847148,0.393405675540359,0.414809320320559,175,RESISTANT
0,0,0,1,1,1,1,1,0,0,1,0,0,0,1,0,1,0,1,0,0,0,0,1,0,1,1,0.425596432575664,0.258651153413786,0.715693388201118,0.658542222468389,0.622153023777456,0.311497266779561,0.433812433907406,179,RESISTANT
0,0,0,0,0,0,1,0,0,0,0,0,0,0,1,0,0,0,1,0,0,0,0,1,0,1,0,0.322900771935083,0.401897229949991,0.067686378969262,0.409895939128316,0.451424597209883,0.421473618342657,0.10508994646824,189,RESISTANT
1,0,0,0,0,0,0,1,1,0,1,1,0,1,0,0,0,0,0,1,1,0,1,0,0,0,0,0.335509718560448,0.310416042878429,0.291915646344382,0.391710882115516,0.171129987625644,0.233743072347593,0.345863109535187,191,RESISTANT
